{
    "1.0": {
        "precision": 0.9534883720930233,
        "recall": 0.9879518072289156,
        "f1-score": 0.9704142011834319,
        "support": 332.0
    },
    "2.0": {
        "precision": 0.8958333333333334,
        "recall": 0.7288135593220338,
        "f1-score": 0.8037383177570093,
        "support": 59.0
    },
    "3.0": {
        "precision": 0.8823529411764706,
        "recall": 0.8571428571428571,
        "f1-score": 0.8695652173913043,
        "support": 35.0
    },
    "accuracy": 0.9413145539906104,
    "macro avg": {
        "precision": 0.9105582155342757,
        "recall": 0.8579694078979355,
        "f1-score": 0.8812392454439152,
        "support": 426.0
    },
    "weighted avg": {
        "precision": 0.9396588242787015,
        "recall": 0.9413145539906104,
        "f1-score": 0.939044267956006,
        "support": 426.0
    }
}